<?xml version="1.0" encoding="UTF-8"?>
<project-private xmlns="http://www.netbeans.org/ns/project-private/1">
    <editor-bookmarks xmlns="http://www.netbeans.org/ns/editor-bookmarks/2" lastBookmarkId="0"/>
    <open-files xmlns="http://www.netbeans.org/ns/projectui-open-files/2">
        <group>
            <file>file:/C:/Users/Admin/Downloads/Car_Dealership-main/Car_Dealership-main/web/DetailCustomerPage.jsp</file>
            <file>file:/C:/Users/Admin/Downloads/Car_Dealership-main/Car_Dealership-main/src/java/controller/ReportServlet.java</file>
            <file>file:/C:/Users/Admin/Downloads/Car_Dealership-main/Car_Dealership-main/src/java/mylib/DBUtils.java</file>
            <file>file:/C:/Users/Admin/Downloads/Car_Dealership-main/Car_Dealership-main/src/java/controller/LoginServlet.java</file>
            <file>file:/C:/Users/Admin/Downloads/Car_Dealership-main/Car_Dealership-main/web/UpdateCar.jsp</file>
            <file>file:/C:/Users/Admin/Downloads/Car_Dealership-main/Car_Dealership-main/src/java/model/Cars.java</file>
            <file>file:/C:/Users/Admin/Downloads/Car_Dealership-main/Car_Dealership-main/web/CustomerPage.jsp</file>
            <file>file:/C:/Users/Admin/Downloads/Car_Dealership-main/Car_Dealership-main/src/java/controller/CreateInvoiceCustomerServlet.java</file>
            <file>file:/C:/Users/Admin/Downloads/Car_Dealership-main/Car_Dealership-main/web/ShowDetailInvoice.jsp</file>
            <file>file:/C:/Users/Admin/Downloads/Car_Dealership-main/Car_Dealership-main/src/java/controller/CarServlet.java</file>
            <file>file:/C:/Users/Admin/Downloads/Car_Dealership-main/Car_Dealership-main/web/CreatePartsPage.jsp</file>
            <file>file:/C:/Users/Admin/Downloads/Car_Dealership-main/Car_Dealership-main/web/DashboardPartsPage.jsp</file>
            <file>file:/C:/Users/Admin/Downloads/Car_Dealership-main/Car_Dealership-main/web/UpdateCustomer.jsp</file>
            <file>file:/C:/Users/Admin/Downloads/Car_Dealership-main/Car_Dealership-main/src/java/controller/EditCarServlet.java</file>
            <file>file:/C:/Users/Admin/Downloads/Car_Dealership-main/Car_Dealership-main/web/ShowAllInvoice.jsp</file>
            <file>file:/C:/Users/Admin/Downloads/Car_Dealership-main/Car_Dealership-main/web/CreateInvoicePage.jsp</file>
            <file>file:/C:/Users/Admin/Downloads/Car_Dealership-main/Car_Dealership-main/web/CreateCar.jsp</file>
            <file>file:/C:/Users/Admin/Downloads/Car_Dealership-main/Car_Dealership-main/src/java/controller/UpdateCarServlet.java</file>
            <file>file:/C:/Users/Admin/Downloads/Car_Dealership-main/Car_Dealership-main/src/java/controller/LogoutServlet.java</file>
            <file>file:/C:/Users/Admin/Downloads/Car_Dealership-main/Car_Dealership-main/web/SalesPersonDashboard.jsp</file>
            <file>file:/C:/Users/Admin/Downloads/Car_Dealership-main/Car_Dealership-main/web/LoginSalesPersonPage.jsp</file>
            <file>file:/C:/Users/Admin/Downloads/Car_Dealership-main/Car_Dealership-main/src/java/controller/CreateCarServlet.java</file>
            <file>file:/C:/Users/Admin/Downloads/Car_Dealership-main/Car_Dealership-main/src/java/controller/MainServlet.java</file>
            <file>file:/C:/Users/Admin/Downloads/Car_Dealership-main/Car_Dealership-main/web/reports.jsp</file>
            <file>file:/C:/Users/Admin/Downloads/Car_Dealership-main/Car_Dealership-main/web/CreateServiceTicket.jsp</file>
            <file>file:/C:/Users/Admin/Downloads/Car_Dealership-main/Car_Dealership-main/src/java/dao/CarsDAO.java</file>
            <file>file:/C:/Users/Admin/Downloads/Car_Dealership-main/Car_Dealership-main/src/java/dao/ReportDAO.java</file>
            <file>file:/C:/Users/Admin/Downloads/Car_Dealership-main/Car_Dealership-main/src/java/dao/PartsDAO.java</file>
            <file>file:/C:/Users/Admin/Downloads/Car_Dealership-main/Car_Dealership-main/web/CarPage.jsp</file>
            <file>file:/C:/Users/Admin/Downloads/Car_Dealership-main/Car_Dealership-main/web/CreateCustomer.jsp</file>
        </group>
    </open-files>
</project-private>
